column_name,mode_percent
contract_transaction_unique_key,1.722886758788273e-07
contract_award_unique_key,7.597930606256284e-05
award_id_piid,8.097567766304883e-05
modification_number,0.8002326586279068
transaction_number,0.9948958141317208
parent_award_agency_id,0.6645957125469206
parent_award_agency_name,0.6645957125469206
parent_award_id_piid,0.0370528815323602
parent_award_modification_number,0.7249457995577365
federal_action_obligation,0.1100948759280329
total_dollars_obligated,0.0646892291322232
total_outlayed_amount_for_overall_award,0.0072271967411563
base_and_exercised_options_value,0.0757715075464039
current_total_value_of_award,0.0176724149673145
base_and_all_options_value,0.1268244509332188
potential_total_value_of_award,0.0165986356115179
disaster_emergency_fund_codes_for_overall_award,0.9656410401189506
outlayed_amount_from_COVID-19_supplementals_for_overall_award,0.210719218102624
obligated_amount_from_COVID-19_supplementals_for_overall_award,0.019108280254777
outlayed_amount_from_IIJA_supplemental_for_overall_award,0.0871137126624774
obligated_amount_from_IIJA_supplemental_for_overall_award,0.019181777311554
action_date,0.0063183426105042
action_date_fiscal_year,1.0
period_of_performance_start_date,0.0124464828116143
period_of_performance_current_end_date,0.015485451571982
period_of_performance_potential_end_date,0.0132142205287976
ordering_period_end_date,0.0321231628443985
solicitation_date,0.005335607831557
awarding_agency_code,0.632804418584297
awarding_agency_name,0.632804418584297
awarding_sub_agency_code,0.5546565149584474
awarding_sub_agency_name,0.5546565149584474
awarding_office_code,0.1219149128253757
awarding_office_name,0.3778569769677606
funding_agency_code,0.6327880511600885
funding_agency_name,0.6327893594293788
funding_sub_agency_code,0.552955164284144
funding_sub_agency_name,0.5529563075014644
funding_office_code,0.1218602973151221
funding_office_name,0.3778714492165345
treasury_accounts_funding_this_award,0.56408358557037
federal_accounts_funding_this_award,0.5640942834963764
object_classes_funding_this_award,0.5671076455658286
program_activities_funding_this_award,0.5576186453698901
foreign_funding,0.990386808751989
foreign_funding_description,0.990386808751989
sam_exception,0.37597503900156
sam_exception_description,0.37597503900156
recipient_uei,0.0737285395034742
recipient_name,0.0737285649086723
recipient_name_raw,0.0481464201328199
recipient_doing_business_as_name,0.0769751348740857
cage_code,0.0737418288123808
recipient_parent_uei,0.0737437087002199
recipient_parent_duns,0.2
recipient_parent_name,0.0737423236771912
recipient_parent_name_raw,0.0737298439443921
recipient_country_code,0.9807964558011464
recipient_country_name,0.9808076086602576
recipient_address_line_1,0.0483716740791381
recipient_address_line_2,0.0666584415255738
recipient_city_name,0.0487950652056718
prime_award_transaction_recipient_county_fips_code,0.0791980067091236
recipient_county_name,0.0808361097518884
prime_award_transaction_recipient_state_fips_code,0.1286762238855522
recipient_state_code,0.1286754553675508
recipient_state_name,0.1277691534860356
recipient_zip_4_code,0.0489556560272034
prime_award_transaction_recipient_cd_original,0.0834369234099483
prime_award_transaction_recipient_cd_current,0.0790112813032362
recipient_phone_number,0.0494940327868852
recipient_fax_number,0.062069407351236
primary_place_of_performance_country_code,0.9682443082478714
primary_place_of_performance_country_name,0.9682455391600454
primary_place_of_performance_city_name,0.0805048684791276
prime_award_transaction_place_of_performance_county_fips_code,0.0839610003004998
primary_place_of_performance_county_name,0.0968224310284964
prime_award_transaction_place_of_performance_state_fips_code,0.120211446122356
primary_place_of_performance_state_code,0.1202041632052692
primary_place_of_performance_state_name,0.1202041857516384
primary_place_of_performance_zip_4,0.0799098055041511
prime_award_transaction_place_of_performance_cd_original,0.0836874159186726
prime_award_transaction_place_of_performance_cd_current,0.083722053900126
award_or_idv_flag,0.9486667344340364
award_type_code,0.6909210442678774
award_type,0.6909186601671659
idv_type_code,0.4575158573010706
idv_type,0.4574746203540565
multiple_or_single_award_idv_code,0.7008271565152003
multiple_or_single_award_idv,0.7008483310337419
type_of_idc_code,0.8628906643521926
type_of_idc,0.8629508501635228
type_of_contract_pricing_code,0.6936579080408039
type_of_contract_pricing,0.6936565405101399
transaction_description,0.0224835502711054
prime_award_base_transaction_description,0.0177495145235845
action_type_code,0.4251598823737582
action_type,0.4251568098093341
solicitation_identifier,0.0663852361691138
number_of_actions,0.9961782425851824
inherently_governmental_functions,0.8266392385088047
inherently_governmental_functions_description,0.8153104876201408
product_or_service_code,0.1203575006098478
product_or_service_code_description,0.1201989995424821
contract_bundling_code,0.9800309868758929
contract_bundling,0.9797231730604123
dod_claimant_program_code,0.4637488537301651
dod_claimant_program_description,0.464152938169482
naics_code,0.1076761206483559
naics_description,0.1076510600079377
recovered_materials_sustainability_code,0.9065085485368763
recovered_materials_sustainability,0.9064444349381964
domestic_or_foreign_entity_code,0.9463831986134678
domestic_or_foreign_entity,0.9460074802144012
dod_acquisition_program_code,0.9873728475596764
dod_acquisition_program_description,0.9874713656485072
information_technology_commercial_item_category_code,0.9675773644218584
information_technology_commercial_item_category,0.9675808354316856
epa_designated_product_code,0.910571181825771
epa_designated_product,0.9104896476282368
country_of_product_or_service_origin_code,0.959207693918356
country_of_product_or_service_origin,0.959241023819928
place_of_manufacture_code,0.662928527748551
place_of_manufacture,0.6628973702904699
subcontracting_plan_code,0.7690590841570975
subcontracting_plan,0.7690457032173914
extent_competed_code,0.5970698508442954
extent_competed,0.5970056831950049
solicitation_procedures_code,0.5020683999140756
solicitation_procedures,0.5020451102988712
type_of_set_aside_code,0.7362817238303738
type_of_set_aside,0.7360554998638289
evaluated_preference_code,0.9977463781262867
evaluated_preference,0.997270904049454
research_code,0.4371468731913017
research,0.4136517806670435
fair_opportunity_limited_sources_code,0.8482700780186272
fair_opportunity_limited_sources,0.8481332296933678
other_than_full_and_open_competition_code,0.4333851533431747
other_than_full_and_open_competition,0.4330979846120439
number_of_offers_received,0.3634238389714219
commercial_item_acquisition_procedures_code,0.634047245069423
commercial_item_acquisition_procedures,0.6339644571195988
small_business_competitiveness_demonstration_program,0.9962071658601108
simplified_procedures_for_certain_commercial_items_code,0.986631376358442
simplified_procedures_for_certain_commercial_items,0.9856677419455444
a76_fair_act_action_code,0.9968657037464808
a76_fair_act_action,0.9966088898880378
fed_biz_opps_code,0.5469043884167285
fed_biz_opps,0.5469028560632806
local_area_set_aside_code,0.9976157698923844
local_area_set_aside,0.9974108634445144
price_evaluation_adjustment_preference_percent_difference,0.850117310968719
clinger_cohen_act_planning_code,0.9451951847110698
clinger_cohen_act_planning,0.9471349230425838
materials_supplies_articles_equipment_code,0.6208841099575463
materials_supplies_articles_equipment,0.6217502853037629
labor_standards_code,0.7907448031568391
labor_standards,0.7908560202299431
construction_wage_rate_requirements_code,0.879747666488836
construction_wage_rate_requirements,0.8798895824026737
interagency_contracting_authority_code,0.9942257691017722
interagency_contracting_authority,0.9943471028794526
other_statutory_authority,0.4652585942295887
program_acronym,0.3699664429530201
parent_award_type_code,0.7840567787843825
parent_award_type,0.7840686540975002
parent_award_single_or_multiple_code,0.8557859537283268
parent_award_single_or_multiple,0.8559293973513165
major_program,0.3305144070382555
national_interest_action_code,0.5323635393033498
national_interest_action,0.3489031660589222
cost_or_pricing_data_code,0.906018958048453
cost_or_pricing_data,0.9070841912358374
cost_accounting_standards_clause_code,0.9666072757295606
cost_accounting_standards_clause,0.9667053518962628
government_furnished_property_code,0.9792066161629672
government_furnished_property,0.9782626252446566
sea_transportation_code,0.4953009658222497
sea_transportation,0.4962638747094728
undefinitized_action_code,0.9953599983030204
undefinitized_action,0.9952004669433752
consolidated_contract_code,0.9566470084380932
consolidated_contract,0.9566581514594245
performance_based_service_acquisition_code,0.8165952567197792
performance_based_service_acquisition,0.8151997266243661
multi_year_contract_code,0.9558765231378804
multi_year_contract,0.95595044930303
contract_financing_code,0.9828725232325264
contract_financing,0.98504389336579
purchase_card_as_payment_method_code,0.990130728097652
purchase_card_as_payment_method,0.9901550846454362
contingency_humanitarian_or_peacekeeping_operation_code,0.9925291739969389
contingency_humanitarian_or_peacekeeping_operation,0.9926661248431952
alaskan_native_corporation_owned_firm,0.9418375994791998
american_indian_owned_business,0.988676145269943
indian_tribe_federally_recognized,0.9964573948908512
native_hawaiian_organization_owned_firm,0.997433621897186
tribally_owned_firm,0.9960001695748876
veteran_owned_business,0.9461794838654086
service_disabled_veteran_owned_business,0.960861235477404
woman_owned_business,0.907429537594855
women_owned_small_business,0.9264321872297518
economically_disadvantaged_women_owned_small_business,0.9818267656839602
joint_venture_women_owned_small_business,0.9976791423320372
joint_venture_economic_disadvantaged_women_owned_small_bus,0.9985053743801112
minority_owned_business,0.8661781084761836
subcontinent_asian_asian_indian_american_owned_business,0.9874288045785616
asian_pacific_american_owned_business,0.9796568291718464
black_american_owned_business,0.9834744933333516
hispanic_american_owned_business,0.9728869484011364
native_american_owned_business,0.937469502781622
other_minority_owned_business,0.991783513579593
contracting_officers_determination_of_business_size,0.5084856444103365
contracting_officers_determination_of_business_size_code,0.5085146458042092
emerging_small_business,0.997232870990687
community_developed_corporation_owned_firm,0.9969664786064892
labor_surplus_area_firm,0.9984796209941872
us_federal_government,0.9946554202884168
federally_funded_research_and_development_corp,0.999638341893207
federal_agency,0.9956768158372824
us_state_government,0.9975822840971256
us_local_government,0.9980952203729232
city_local_government,0.999235848245492
county_local_government,0.999097664040525
inter_municipal_local_government,0.9998585415652608
local_government_owned,0.999575452468768
municipality_local_government,0.9995423708429576
school_district_local_government,0.999928840044481
township_local_government,0.9998893833136968
us_tribal_government,0.9997491309610472
foreign_government,0.999509461432762
organizational_type,0.7473564937645215
corporate_entity_not_tax_exempt,0.7420458339981261
corporate_entity_tax_exempt,0.925061093793856
partnership_or_limited_liability_partnership,0.933688191386953
sole_proprietorship,0.9821825877693938
small_agricultural_cooperative,0.9990580351650792
international_organization,0.991679619340431
us_government_entity,0.9922066926196615
community_development_corporation,0.9994503614347392
domestic_shelter,0.9996352406154148
educational_institution,0.9965819099332062
foundation,0.9994760352912028
hospital_flag,0.9994002227153456
manufacturer_of_goods,0.8371117604145955
veterinary_hospital,0.9998485481818372
hispanic_servicing_institution,0.9990725083763712
receives_contracts,0.9748422850719508
receives_financial_assistance,0.9992622108243768
receives_contracts_and_financial_assistance,0.9619506167138712
airport_authority,0.9993759289130998
council_of_governments,0.9975099184572384
housing_authorities_public_tribal,0.9998811129072442
interstate_entity,0.9986264233283356
planning_commission,0.999883008208723
port_authority,0.9992541127180588
transit_authority,0.9997746314241674
subchapter_scorporation,0.8426274323179227
limited_liability_corporation,0.7643220179240384
foreign_owned,0.9793775656571312
for_profit_organization,0.913300123056756
nonprofit_organization,0.9413007902028764
other_not_for_profit_organization,0.9887543148261164
the_ability_one_program,0.9395104195060292
private_university_or_college,0.9975755648084556
state_controlled_institution_of_higher_learning,0.9974870025393594
1862_land_grant_college,0.9989617193899336
1890_land_grant_college,0.999269964330426
1994_land_grant_college,0.999897136819746
minority_institution,0.9997849694322332
historically_black_college,0.9997634319154296
tribal_college,0.9999693305707874
alaskan_native_servicing_institution,0.9999614046501882
native_hawaiian_servicing_institution,0.99991884569983
school_of_forestry,0.9998874858603498
veterinary_college,0.9996970892134296
dot_certified_disadvantage,0.9747994028608096
self_certified_small_disadvantaged_business,0.8239625160416124
small_disadvantaged_business,0.9981390815954136
c8a_program_participant,0.950396102627232
historically_underutilized_business_zone_hubzone_firm,0.9837104219004176
sba_certified_8a_joint_venture,0.9978553849759756
highly_compensated_officer_1_name,0.2605075858289235
highly_compensated_officer_1_amount,0.1982653851426708
highly_compensated_officer_2_name,0.2677226834960641
highly_compensated_officer_2_amount,0.2036568681475288
highly_compensated_officer_3_name,0.285624144800743
highly_compensated_officer_3_amount,0.2172411767327474
highly_compensated_officer_4_name,0.2848461466210026
highly_compensated_officer_4_amount,0.2165824401621591
highly_compensated_officer_5_name,0.2903160393332736
highly_compensated_officer_5_amount,0.2208107980128428
usaspending_permalink,0.00018428924655807387
initial_report_date,0.0071156247490842
last_modified_date,0.0184950430908708
