column_name,missing
contract_transaction_unique_key,0
contract_award_unique_key,0
award_id_piid,0
modification_number,0
transaction_number,297947
parent_award_agency_id,1185246
parent_award_agency_name,1185246
parent_award_id_piid,1185246
parent_award_modification_number,1185246
federal_action_obligation,0
total_dollars_obligated,0
total_outlayed_amount_for_overall_award,5387868
base_and_exercised_options_value,297947
current_total_value_of_award,297947
base_and_all_options_value,0
potential_total_value_of_award,0
disaster_emergency_fund_codes_for_overall_award,4316536
outlayed_amount_from_COVID-19_supplementals_for_overall_award,5785386
obligated_amount_from_COVID-19_supplementals_for_overall_award,5781133
outlayed_amount_from_IIJA_supplemental_for_overall_award,5792595
obligated_amount_from_IIJA_supplemental_for_overall_award,5790866
action_date,0
action_date_fiscal_year,0
period_of_performance_start_date,2
period_of_performance_current_end_date,297947
period_of_performance_potential_end_date,297947
ordering_period_end_date,5506265
solicitation_date,1069981
awarding_agency_code,0
awarding_agency_name,0
awarding_sub_agency_code,0
awarding_sub_agency_name,0
awarding_office_code,0
awarding_office_name,0
funding_agency_code,0
funding_agency_name,12
funding_sub_agency_code,0
funding_sub_agency_name,12
funding_office_code,0
funding_office_name,0
treasury_accounts_funding_this_award,4308595
federal_accounts_funding_this_award,4308595
object_classes_funding_this_award,4308600
program_activities_funding_this_award,4313783
foreign_funding,0
foreign_funding_description,0
sam_exception,5802930
sam_exception_description,5802930
recipient_uei,1
recipient_duns,5804212
recipient_name,3
recipient_name_raw,2223
recipient_doing_business_as_name,5489474
cage_code,1047
recipient_parent_uei,761
recipient_parent_duns,5804172
recipient_parent_name,652
recipient_parent_name_raw,63
recipient_country_code,23
recipient_country_name,89
recipient_address_line_1,30
recipient_address_line_2,5488108
recipient_city_name,39
prime_award_transaction_recipient_county_fips_code,116733
recipient_county_name,116729
prime_award_transaction_recipient_state_fips_code,111482
recipient_state_code,111448
recipient_state_name,71052
recipient_zip_4_code,22592
prime_award_transaction_recipient_cd_original,4242769
prime_award_transaction_recipient_cd_current,111430
recipient_phone_number,85462
recipient_fax_number,2463903
primary_place_of_performance_country_code,297955
primary_place_of_performance_country_name,297962
primary_place_of_performance_city_name,473081
prime_award_transaction_place_of_performance_county_fips_code,473094
primary_place_of_performance_county_name,473061
prime_award_transaction_place_of_performance_state_fips_code,473114
primary_place_of_performance_state_code,472791
primary_place_of_performance_state_name,472792
primary_place_of_performance_zip_4,434483
prime_award_transaction_place_of_performance_cd_original,473064
prime_award_transaction_place_of_performance_cd_current,472833
award_or_idv_flag,42
award_type_code,297962
award_type,297943
idv_type_code,5506242
idv_type,5506237
multiple_or_single_award_idv_code,5506324
multiple_or_single_award_idv,5506333
type_of_idc_code,5675169
type_of_idc,5675178
type_of_contract_pricing_code,638
type_of_contract_pricing,628
transaction_description,13
prime_award_base_transaction_description,6814
action_type_code,4617402
action_type,4617424
solicitation_identifier,4677350
number_of_actions,312236
inherently_governmental_functions,4831489
inherently_governmental_functions_description,4817973
product_or_service_code,24082
product_or_service_code_description,16460
contract_bundling_code,11437
contract_bundling,9617
dod_claimant_program_code,5631914
dod_claimant_program_description,5632064
naics_code,18008
naics_description,16661
recovered_materials_sustainability_code,147513
recovered_materials_sustainability,147114
domestic_or_foreign_entity_code,37307
domestic_or_foreign_entity,37265
dod_acquisition_program_code,2185819
dod_acquisition_program_description,2186180
information_technology_commercial_item_category_code,2180324
information_technology_commercial_item_category,2180337
epa_designated_product_code,317938
epa_designated_product,317450
country_of_product_or_service_origin_code,307195
country_of_product_or_service_origin,307386
place_of_manufacture_code,303168
place_of_manufacture,302920
subcontracting_plan_code,735002
subcontracting_plan,734919
extent_competed_code,30581
extent_competed,30875
solicitation_procedures_code,27041
solicitation_procedures,26773
type_of_set_aside_code,4422916
type_of_set_aside,4423596
evaluated_preference_code,38826
evaluated_preference,38200
research_code,5767929
research,5768832
fair_opportunity_limited_sources_code,4645258
fair_opportunity_limited_sources,4645071
other_than_full_and_open_competition_code,4911378
other_than_full_and_open_competition,4910786
number_of_offers_received,3866469
commercial_item_acquisition_procedures_code,21471
commercial_item_acquisition_procedures,20719
small_business_competitiveness_demonstration_program,7755
simplified_procedures_for_certain_commercial_items_code,38323
simplified_procedures_for_certain_commercial_items,32686
a76_fair_act_action_code,2117579
a76_fair_act_action,2116629
fed_biz_opps_code,807558
fed_biz_opps,807544
local_area_set_aside_code,40926
local_area_set_aside,39742
price_evaluation_adjustment_preference_percent_difference,5629889
clinger_cohen_act_planning_code,3937
clinger_cohen_act_planning,15816
materials_supplies_articles_equipment_code,1427
materials_supplies_articles_equipment,9511
labor_standards_code,1699
labor_standards,2515
construction_wage_rate_requirements_code,940
construction_wage_rate_requirements,1876
interagency_contracting_authority_code,2054
interagency_contracting_authority,2762
other_statutory_authority,5752084
program_acronym,5738652
parent_award_type_code,1195871
parent_award_type,1195951
parent_award_single_or_multiple_code,1191714
parent_award_single_or_multiple,1192487
major_program,5024246
national_interest_action_code,5781733
national_interest_action,5786935
cost_or_pricing_data_code,1823739
cost_or_pricing_data,1828430
cost_accounting_standards_clause_code,898862
cost_accounting_standards_clause,899670
government_furnished_property_code,9917
government_furnished_property,9354
sea_transportation_code,5619706
sea_transportation,5620064
undefinitized_action_code,147102
undefinitized_action,146995
consolidated_contract_code,52083
consolidated_contract,52150
performance_based_service_acquisition_code,4133
performance_based_service_acquisition,4134
multi_year_contract_code,1866535
multi_year_contract,1866669
contract_financing_code,2132743
contract_financing,2133270
purchase_card_as_payment_method_code,314344
purchase_card_as_payment_method,313662
contingency_humanitarian_or_peacekeeping_operation_code,144463
contingency_humanitarian_or_peacekeeping_operation,144312
alaskan_native_corporation_owned_firm,2371
american_indian_owned_business,2654
indian_tribe_federally_recognized,2267
native_hawaiian_organization_owned_firm,2261
tribally_owned_firm,1466
veteran_owned_business,1462
service_disabled_veteran_owned_business,1014
woman_owned_business,1011
women_owned_small_business,519
economically_disadvantaged_women_owned_small_business,512
joint_venture_women_owned_small_business,754
joint_venture_economic_disadvantaged_women_owned_small_bus,752
minority_owned_business,468
subcontinent_asian_asian_indian_american_owned_business,468
asian_pacific_american_owned_business,397
black_american_owned_business,396
hispanic_american_owned_business,402
native_american_owned_business,404
other_minority_owned_business,393
contracting_officers_determination_of_business_size,410
contracting_officers_determination_of_business_size_code,741
emerging_small_business,724
community_developed_corporation_owned_firm,396
labor_surplus_area_firm,396
us_federal_government,388
federally_funded_research_and_development_corp,388
federal_agency,388
us_state_government,387
us_local_government,391
city_local_government,391
county_local_government,387
inter_municipal_local_government,387
local_government_owned,386
municipality_local_government,386
school_district_local_government,386
township_local_government,386
us_tribal_government,387
foreign_government,387
organizational_type,41222
corporate_entity_not_tax_exempt,398
corporate_entity_tax_exempt,431
partnership_or_limited_liability_partnership,389
sole_proprietorship,395
small_agricultural_cooperative,386
international_organization,391
us_government_entity,386
community_development_corporation,398
domestic_shelter,386
educational_institution,386
foundation,386
hospital_flag,391
manufacturer_of_goods,386
veterinary_hospital,386
hispanic_servicing_institution,386
receives_contracts,386
receives_financial_assistance,386
receives_contracts_and_financial_assistance,386
airport_authority,386
council_of_governments,386
housing_authorities_public_tribal,386
interstate_entity,386
planning_commission,386
port_authority,386
transit_authority,386
subchapter_scorporation,386
limited_liability_corporation,386
foreign_owned,387
for_profit_organization,386
nonprofit_organization,386
other_not_for_profit_organization,386
the_ability_one_program,386
private_university_or_college,386
state_controlled_institution_of_higher_learning,386
1862_land_grant_college,386
1890_land_grant_college,386
1994_land_grant_college,386
minority_institution,386
historically_black_college,386
tribal_college,387
alaskan_native_servicing_institution,404
native_hawaiian_servicing_institution,453
school_of_forestry,497
veterinary_college,523
dot_certified_disadvantage,540
self_certified_small_disadvantaged_business,556
small_disadvantaged_business,626
c8a_program_participant,918
historically_underutilized_business_zone_hubzone_firm,1729
sba_certified_8a_joint_venture,1772
highly_compensated_officer_1_name,4724040
highly_compensated_officer_1_amount,4724664
highly_compensated_officer_2_name,4751451
highly_compensated_officer_2_amount,4751672
highly_compensated_officer_3_name,4816869
highly_compensated_officer_3_amount,4816936
highly_compensated_officer_4_name,4814081
highly_compensated_officer_4_amount,4813827
highly_compensated_officer_5_name,4832719
highly_compensated_officer_5_amount,4832774
usaspending_permalink,25253
initial_report_date,25380
last_modified_date,12498
